,count,mean,std,min,1%,5%,50%,95%,99%,max
Sales_Units,7823.0,1247.9904128850824,809.6024247759764,0.0,0.0,0.0,1500.0,2500.0,2500.0,3147.0
Cost_of_Goods_Sold_COGS,7839.0,24.743996683250415,12.499507402817084,5.53,5.8638,7.1,23.29,47.432999999999986,49.37,50.87
Inventory_Level,7839.0,14950.27108049496,35359.29271678237,0.0,0.0,0.0,2500.0,106198.49999999994,169733.41999999998,201836.0
Demand_Forecast,7230.0,2049.3008298755185,893.6804062499143,297.0,422.0,588.45,2066.0,3556.0999999999985,4093.0,4910.0
Price_Per_Unit,7839.0,31.54307437173109,15.978895864632632,6.84,7.4,9.019,29.53,59.71299999999999,64.2662,67.63
Gross_Profit,7839.0,8699.480557469065,8001.518300703459,0.0,0.0,0.0,6738.06,24540.937,31884.7588,41975.0
Operating_Profit,7839.0,4733.534557979334,4653.284871196292,0.0,0.0,0.0,3527.94,14093.614999999994,19343.369399999996,29570.13
Revenue,7839.0,40391.39543819365,36268.415439884004,0.0,0.0,0.0,32790.0,111870.74799999995,138313.46279999998,165050.0
Inventory_Turnover_Ratio,7839.0,0.5361768082663605,0.44278179520021205,0.0,0.0,0.0,0.65,1.0,1.0,1.0
Gross_Profit_Margin,7839.0,0.1779535782625335,0.08425815538453538,0.0,0.0,0.0,0.2055,0.2545,0.258162,0.2593
Revenue_Growth,7839.0,inf,,-1.0,-1.0,-1.0,0.0,,,inf
