Week,Product,Sales_Units,Cost_of_Goods_Sold_COGS,Inventory_Level,Demand_Forecast,Price_Per_Unit,Gross_Profit,Operating_Profit,Revenue,Inventory_Turnover_Ratio,Gross_Profit_Margin,Revenue_Growth
241,Chickpeas,986.0,14.45,60745,1072.0,18.26,3756.66,1905.41,18004.36,0.02,0.2087,0.1475
241,Chickpeas,986.0,14.45,60745,1072.0,18.26,3756.66,1905.41,18004.36,0.02,0.2087,0.1475
196,Cocoa Powder,1106.0,33.32,2500,1418.0,43.11,10827.74,5999.99,47679.66,1.0,0.2271,-0.2795
196,Cocoa Powder,1106.0,33.32,2500,1418.0,43.11,10827.74,5999.99,47679.66,1.0,0.2271,-0.2795
202,Coffee - Arabica,1937.0,25.17,2063,1804.0,31.37,12009.4,5828.69,60763.69,0.77,0.1976,0.2573
202,Coffee - Arabica,1937.0,25.17,2063,1804.0,31.37,12009.4,5828.69,60763.69,0.77,0.1976,0.2573
83,Coffee - Robusta,1168.0,18.16,666,1167.0,22.74,5349.44,2208.9,26560.32,0.64,0.2014,-0.2217
83,Coffee - Robusta,1168.0,18.16,666,1167.0,22.74,5349.44,2208.9,26560.32,0.64,0.2014,-0.2217
122,Coffee - Robusta,1667.0,18.25,2333,1900.0,24.21,9935.32,6184.33,40358.07,0.67,0.2462,2.6035
122,Coffee - Robusta,1667.0,18.25,2333,1900.0,24.21,9935.32,6184.33,40358.07,0.67,0.2462,2.6035
141,Flour - All Purpose,1001.0,24.44,9415,1211.0,30.33,5895.89,3223.02,30360.33,0.13,0.1942,-0.1941
141,Flour - All Purpose,1001.0,24.44,9415,1211.0,30.33,5895.89,3223.02,30360.33,0.13,0.1942,-0.1941
201,Flour - All Purpose,1142.0,26.49,8122,1001.0,33.23,7697.08,4269.24,37948.66,0.17,0.2028,0.0521
201,Flour - All Purpose,1142.0,26.49,8122,1001.0,33.23,7697.08,4269.24,37948.66,0.17,0.2028,0.0521
227,Flour - All Purpose,1650.0,25.5,7221,1743.0,30.9,8910.0,3892.3,50985.0,0.26,0.1748,-0.2417
227,Flour - All Purpose,1650.0,25.5,7221,1743.0,30.9,8910.0,3892.3,50985.0,0.26,0.1748,-0.2417
62,Lentils - Green,0.0,42.0,0,4395.0,55.72,0.0,0.0,0.0,0.0,0.0,0.0
62,Lentils - Green,0.0,42.0,0,4395.0,55.72,0.0,0.0,0.0,0.0,0.0,0.0
35,Lentils - Red,1249.0,47.1,3765,1311.0,62.97,19821.63,13885.27,78649.53,0.36,0.252,-0.0315
35,Lentils - Red,1249.0,47.1,3765,1311.0,62.97,19821.63,13885.27,78649.53,0.36,0.252,-0.0315
133,Lentils - Red,5.0,48.61,1500,2024.0,61.87,66.3,40.01,309.35,1.0,0.2143,-0.9965
133,Lentils - Red,5.0,48.61,1500,2024.0,61.87,66.3,40.01,309.35,1.0,0.2143,-0.9965
60,Oats,2500.0,40.74,2500,2454.0,53.78,32600.0,21076.87,134450.0,1.0,0.2425,inf
60,Oats,2500.0,40.74,2500,2454.0,53.78,32600.0,21076.87,134450.0,1.0,0.2425,inf
153,Oats,1500.0,40.56,0,2894.0,54.38,20730.0,12010.5,81570.0,1.0,0.2541,-0.0329
153,Oats,1500.0,40.56,0,2894.0,54.38,20730.0,12010.5,81570.0,1.0,0.2541,-0.0329
103,Palm Oil,2091.0,43.75,3306,2091.0,55.61,24799.26,11857.93,116280.51,0.54,0.2133,0.0725
103,Palm Oil,2091.0,43.75,3306,2091.0,55.61,24799.26,11857.93,116280.51,0.54,0.2133,0.0725
104,Pasta - Spaghetti,2553.0,21.35,2500,2230.0,26.51,13173.48,5049.09,67680.03,1.0,0.1946,0.0589
104,Pasta - Spaghetti,2553.0,21.35,2500,2230.0,26.51,13173.48,5049.09,67680.03,1.0,0.1946,0.0589
204,Pasta - Spaghetti,0.0,21.7,2500,2008.0,27.15,0.0,0.0,0.0,0.0,0.0,-1.0
204,Pasta - Spaghetti,0.0,21.7,2500,2008.0,27.15,0.0,0.0,0.0,0.0,0.0,-1.0
24,Rice - Basmati,1101.0,21.73,4025,1218.0,28.97,7971.24,4560.86,31895.97,0.3,0.2499,-0.1078
24,Rice - Basmati,1101.0,21.73,4025,1218.0,28.97,7971.24,4560.86,31895.97,0.3,0.2499,-0.1078
102,Rice - Basmati,1063.0,21.83,13809,1258.0,28.67,7270.92,4830.98,30476.21,0.09,0.2386,-0.0863
102,Rice - Basmati,1063.0,21.83,13809,1258.0,28.67,7270.92,4830.98,30476.21,0.09,0.2386,-0.0863
133,Rice - Basmati,1212.0,22.29,6088,1139.0,29.96,9296.04,5527.36,36311.52,0.17,0.256,-0.0204
133,Rice - Basmati,1212.0,22.29,6088,1139.0,29.96,9296.04,5527.36,36311.52,0.17,0.256,-0.0204
149,Rice - White,2043.0,47.18,2311,2323.0,59.86,25905.24,15822.52,122293.98,0.72,0.2118,0.0321
149,Rice - White,2043.0,47.18,2311,2323.0,59.86,25905.24,15822.52,122293.98,0.72,0.2118,0.0321
244,Rice - White,1500.0,48.73,1500,1628.0,65.31,24870.0,16881.69,97965.0,1.0,0.2539,inf
244,Rice - White,1500.0,48.73,1500,1628.0,65.31,24870.0,16881.69,97965.0,1.0,0.2539,inf
33,Salt - Iodized,0.0,14.13,1500,2103.0,17.85,0.0,0.0,0.0,0.0,0.0,-1.0
33,Salt - Iodized,0.0,14.13,1500,2103.0,17.85,0.0,0.0,0.0,0.0,0.0,-1.0
103,Salt - Iodized,0.0,14.08,2500,2811.0,17.37,0.0,0.0,0.0,0.0,0.0,0.0
103,Salt - Iodized,0.0,14.08,2500,2811.0,17.37,0.0,0.0,0.0,0.0,0.0,0.0
230,Salt - Iodized,2500.0,13.81,1500,3271.0,16.62,7025.0,1969.04,41550.0,1.0,0.1691,0.6429
230,Salt - Iodized,2500.0,13.81,1500,3271.0,16.62,7025.0,1969.04,41550.0,1.0,0.1691,0.6429
1,Soybean Oil,2290.0,30.68,1930,2451.0,41.22,24136.6,13953.73,94393.8,0.84,0.2557,0.0
1,Soybean Oil,2290.0,30.68,1930,2451.0,41.22,24136.6,13953.73,94393.8,0.84,0.2557,0.0
35,Soybean Oil,1500.0,31.7,2500,1936.0,38.09,9585.0,4821.33,57135.0,1.0,0.1678,0.6809
35,Soybean Oil,1500.0,31.7,2500,1936.0,38.09,9585.0,4821.33,57135.0,1.0,0.1678,0.6809
3,Spices - Black Pepper,2207.0,32.45,1793,,39.71,16022.82,7682.55,87639.97,0.88,0.1828,7.8238
3,Spices - Black Pepper,2207.0,32.45,1793,,39.71,16022.82,7682.55,87639.97,0.88,0.1828,7.8238
33,Spices - Black Pepper,105.0,31.89,2500,1656.0,41.01,957.6,535.81,4306.05,1.0,0.2224,-0.9452
33,Spices - Black Pepper,105.0,31.89,2500,1656.0,41.01,957.6,535.81,4306.05,1.0,0.2224,-0.9452
228,Spices - Black Pepper,1500.0,31.76,2500,,38.35,9885.0,4700.67,57525.0,1.0,0.1718,-0.4664
228,Spices - Black Pepper,1500.0,31.76,2500,,38.35,9885.0,4700.67,57525.0,1.0,0.1718,-0.4664
138,Spices - Turmeric,489.0,7.31,111970,515.0,9.56,1100.25,599.28,4674.84,0.0,0.2354,0.1135
138,Spices - Turmeric,489.0,7.31,111970,515.0,9.56,1100.25,599.28,4674.84,0.0,0.2354,0.1135
162,Spices - Turmeric,639.0,7.2,140447,674.0,9.5,1469.7,781.1,6070.5,0.0,0.2421,-0.025
162,Spices - Turmeric,639.0,7.2,140447,674.0,9.5,1469.7,781.1,6070.5,0.0,0.2421,-0.025
39,Sugar - White Refined,2108.0,12.32,392,1681.0,16.18,8136.88,4959.1,34107.44,0.84,0.2386,1.7395
39,Sugar - White Refined,2108.0,12.32,392,1681.0,16.18,8136.88,4959.1,34107.44,0.84,0.2386,1.7395
164,Sugar - White Refined,0.0,12.37,0,3524.0,16.25,0.0,0.0,0.0,0.0,0.0,-1.0
164,Sugar - White Refined,0.0,12.37,0,3524.0,16.25,0.0,0.0,0.0,0.0,0.0,-1.0
93,Tea - Green,1343.0,28.42,6036,,37.37,12019.85,6619.86,50187.91,0.23,0.2395,0.0124
93,Tea - Green,1343.0,28.42,6036,,37.37,12019.85,6619.86,50187.91,0.23,0.2395,0.0124
24,Wheat - Hard Red,572.0,37.22,23229,578.0,44.92,4404.4,1576.7,25694.24,0.03,0.1714,0.1079
24,Wheat - Hard Red,572.0,37.22,23229,578.0,44.92,4404.4,1576.7,25694.24,0.03,0.1714,0.1079
244,Wheat - Hard Red,494.0,38.16,180170,467.0,45.89,3818.62,1887.33,22669.66,0.0,0.1684,-0.1318
244,Wheat - Hard Red,494.0,38.16,180170,467.0,45.89,3818.62,1887.33,22669.66,0.0,0.1684,-0.1318
246,Wheat - Soft,0.0,32.3,2500,2227.0,42.83,0.0,0.0,0.0,0.0,0.0,0.0
246,Wheat - Soft,0.0,32.3,2500,2227.0,42.83,0.0,0.0,0.0,0.0,0.0,0.0
183,Yeast - Dry,0.0,28.34,2500,4045.0,37.65,0.0,0.0,0.0,0.0,0.0,-1.0
183,Yeast - Dry,0.0,28.34,2500,4045.0,37.65,0.0,0.0,0.0,0.0,0.0,-1.0
252,Yeast - Dry,1500.0,28.62,0,2945.0,35.72,10650.0,4827.17,53580.0,1.0,0.1988,0.0139
252,Yeast - Dry,1500.0,28.62,0,2945.0,35.72,10650.0,4827.17,53580.0,1.0,0.1988,0.0139
