Product,rows,units_mean,units_cv,cogs_mean,price_mean,inv_mean,rev_total
Barley,260,1334.6293436293436,0.6898536454840695,5.926384615384615,7.563923076923077,1404.2192307692308,2631702.04
Canned Tomatoes,260,1314.7558139534883,0.665889902611811,18.122576923076924,23.050230769230772,1577.6807692307693,7942141.54
Canned Tuna,260,1338.139534883721,0.7334327892262297,11.266769230769231,14.377269230769231,1423.5384615384614,5013084.42
Chickpeas,261,1038.6781609195402,0.1903030221455517,14.572298850574713,18.626590038314177,33954.86973180077,5048426.6
Cocoa Powder,261,1396.3141762452108,0.5045482746962274,32.52095785440613,41.45348659003832,2564.3256704980845,15125713.14
Coffee - Arabica,261,1346.3984674329502,0.6580436016652793,24.412835249042146,31.143563218390806,1579.065134099617,10965332.92
Coffee - Robusta,262,1333.2213740458014,0.36078114340610756,18.116335877862593,22.990343511450384,2965.0114503816794,8031160.45
Corn,260,1398.6846153846154,0.6295054893070834,36.881,46.91988461538462,1558.746153846154,17028721.07
Flour - All Purpose,263,1328.6412213740457,0.22846247911213882,25.510114068441062,32.48794676806084,8079.692015209125,11367843.81
Lentils - Green,261,1351.9,0.7552084911408832,42.415862068965524,54.06735632183908,1393.1149425287356,19106829.98
Lentils - Red,262,1271.6870229007634,0.5586527135945366,48.62057251908397,61.98763358778626,2273.0152671755727,20621044.64
Milk Powder - Skimmed,260,1430.6472868217054,0.6229269282398349,13.237307692307692,16.918423076923077,1526.7,6282140.4799999995
Milk Powder - Whole,260,803.1846153846154,0.19703819962198227,13.152615384615384,16.707076923076922,65407.084615384614,3491138.1
Oats,262,1415.9233716475096,0.6538256345274056,40.323893129770994,51.36973282442749,1503.1984732824428,18992821.72
Palm Oil,261,1481.2452107279694,0.504707968822357,43.905823754789274,55.913141762452106,2455.8199233716473,21622670.19
Pasta - Spaghetti,262,1397.328244274809,0.7015682403155458,21.472709923664123,27.391068702290077,1460.7137404580153,10015097.93
Rice - Basmati,263,1199.7376425855514,0.24650767042841124,21.87661596958175,27.897832699619773,10930.977186311788,8801045.14
Rice - White,262,1299.7786259541986,0.6543177396872064,47.745000000000005,60.88045801526717,1612.4122137404581,20712263.22
Salt - Iodized,263,1238.6641221374045,0.7810909599399415,13.971140684410646,17.82171102661597,1300.7300380228137,5809601.47
Soybean Oil,262,1384.573076923077,0.6085391687830416,31.994236641221374,40.86442748091603,1639.9618320610687,14810202.08
Spices - Black Pepper,263,1435.5247148288972,0.5980553612234392,31.659125475285173,40.43406844106464,1699.1596958174905,15281350.03
Spices - Turmeric,262,570.4923664122138,0.19489439214083862,7.101984732824428,9.030038167938931,105326.09160305343,1349338.63
Sugar - Raw Brown,260,1393.4594594594594,0.5460904796118725,11.994846153846153,15.301692307692308,1845.6192307692309,5549773.72
Sugar - White Refined,262,1368.8664122137404,0.7264757267847298,12.011679389312977,15.292290076335878,1391.679389312977,5473431.9
Sunflower Oil,260,763.7115384615385,0.1922128220827677,7.610692307692307,9.713153846153846,83993.8,1928519.69
Tea - Black Ceylon,260,1361.907335907336,0.718578656134732,18.678153846153844,23.785692307692308,1367.253846153846,8386154.19
Tea - Green,261,1391.8429118773947,0.4245092222591482,28.621072796934868,36.52950191570881,3120.107279693487,13276718.31
Wheat - Hard Red,262,554.8320610687023,0.20461541797274893,37.94690839694657,48.33973282442748,100645.34732824427,7025156.31
Wheat - Soft,261,1188.6743295019157,0.8521855199373326,31.98624521072797,40.83670498084291,1248.3065134099618,12622395.51
Yeast - Dry,262,1313.0229885057472,0.7891686961307927,28.204351145038167,36.01022900763359,1376.526717557252,12316329.61
