Product,rows
Barley,260
Canned Tomatoes,260
Canned Tuna,260
Chickpeas,261
Cocoa Powder,261
Coffee - Arabica,261
Coffee - Robusta,262
Corn,260
Flour - All Purpose,263
Lentils - Green,261
Lentils - Red,262
Milk Powder - Skimmed,260
Milk Powder - Whole,260
Oats,262
Palm Oil,261
Pasta - Spaghetti,262
Rice - Basmati,263
Rice - White,262
Salt - Iodized,263
Soybean Oil,262
Spices - Black Pepper,263
Spices - Turmeric,262
Sugar - Raw Brown,260
Sugar - White Refined,262
Sunflower Oil,260
Tea - Black Ceylon,260
Tea - Green,261
Wheat - Hard Red,262
Wheat - Soft,261
Yeast - Dry,262
