,Week,Product,Sales_Units,Cost_of_Goods_Sold_COGS,Inventory_Level,Demand_Forecast,Price_Per_Unit
3130,256,Lentils - Red,1395.0,47.85,9722,1416.0,60.0
3129,255,Lentils - Red,1668.0,48.84,9617,1595.0,64.78
3133,259,Lentils - Red,1949.0,49.12,9456,1892.0,64.78
3131,257,Lentils - Red,1817.0,48.57,9405,1743.0,59.92
3132,258,Lentils - Red,2000.0,48.97,8905,1934.0,65.2
3127,253,Lentils - Red,1330.0,49.69,8843,,60.54
3128,254,Lentils - Red,1558.0,47.67,8785,1807.0,60.06
4723,26,Coffee - Arabica,2014.0,22.26,3286,,29.22
3123,249,Lentils - Red,1300.0,48.32,7962,1324.0,60.23
6510,244,Flour - All Purpose,0.0,25.98,2500,,31.42
4643,206,Tea - Green,1631.0,28.63,9636,1635.0,37.71
4972,14,Coffee - Robusta,0.0,18.73,1500,1671.0,22.57
5024,66,Coffee - Robusta,0.0,18.53,0,2050.0,24.1
5025,67,Coffee - Robusta,0.0,18.2,0,1988.0,22.39
5026,68,Coffee - Robusta,0.0,18.18,2500,1839.0,24.07
