Product,count,min,max,missing_weeks
Barley,260,1,260,0
Canned Tomatoes,260,1,260,0
Canned Tuna,260,1,260,0
Chickpeas,260,1,260,0
Cocoa Powder,260,1,260,0
Coffee - Arabica,260,1,260,0
Coffee - Robusta,260,1,260,0
Corn,260,1,260,0
Flour - All Purpose,260,1,260,0
Lentils - Green,260,1,260,0
Lentils - Red,260,1,260,0
Milk Powder - Skimmed,260,1,260,0
Milk Powder - Whole,260,1,260,0
Oats,260,1,260,0
Palm Oil,260,1,260,0
Pasta - Spaghetti,260,1,260,0
Rice - Basmati,260,1,260,0
Rice - White,260,1,260,0
Salt - Iodized,260,1,260,0
Soybean Oil,260,1,260,0
Spices - Black Pepper,260,1,260,0
Spices - Turmeric,260,1,260,0
Sugar - Raw Brown,260,1,260,0
Sugar - White Refined,260,1,260,0
Sunflower Oil,260,1,260,0
Tea - Black Ceylon,260,1,260,0
Tea - Green,260,1,260,0
Wheat - Hard Red,260,1,260,0
Wheat - Soft,260,1,260,0
Yeast - Dry,260,1,260,0
